C,F,LT,O,P,RT
0.14413604,0.249610824,0.106423775,0.133642192,0.149839493,0.216347676