C,F,LT,O,P,RT
0.14413604006492486,0.24961082411396376,0.10642377507641738,0.13364219173989886,0.14983949343503278,0.21634767556976242
