col1,col2,col3,col4,col5,col6
0.11859449210989575,0.16136246575667856,0.10934135642250195,0.15349735660194203,0.23287027556575768,0.22433405354322405
