C,F,LT,O,P,RT
0.09266501379620286,0.08895735668565725,0.18276304779539473,0.2632041499463408,0.20816381124876485,0.1642466205276396
