C,F,LT,O,P,RT
0.092665014,0.088957357,0.182763048,0.26320415,0.208163811,0.164246621