MEAN,STDEV
0.7429751208610761,0.07487240761238885
