MEAN,STDEV
0.5035234499820335,0.11497427843514893
