MEAN,STDEV
0.6410666541009341,0.24261122454136896
