MEAN,STDEV
0.7025406035092996,0.1222144162646073
