MEAN,STDEV
0.7836182707614798,0.08371351697597366
